{"cameraMode":{"drawMode":0,"name":"Shaded","section":"Shading Mode"},"sceneLighting":false,"audioPlay":false,"sceneViewState":{"m_AlwaysRefresh":false,"showFog":true,"showSkybox":false,"showFlares":true,"showImageEffects":true,"showParticleSystems":true,"showVisualEffectGraphs":true,"m_FxEnabled":true},"in2DMode":false,"pivot":{"x":5.960464477539063e-8,"y":0.7141001224517822,"z":0.029300019145011903},"rotation":{"x":-0.0005251143011264503,"y":0.9808803200721741,"z":-0.19455891847610475,"w":-0.002647498855367303},"size":1.0428720712661744,"orthographic":false}